sdcetd_id	sdcetd_table
corporate	sys_global_parameters
id_country	sys_global_parameters
alarm_missing_files_temporization	sys_global_parameters
topology_last_update_date	sys_global_parameters
topology_max_hour_retrieved	sys_global_parameters
kpis.0095.01.13040	sys_data_range_style
kpis.0095.01.13041	sys_data_range_style
kpis.0095.01.13042	sys_data_range_style
kpis.0095.01.13043	sys_data_range_style
kpis.0095.01.13044	sys_data_range_style
kpis.0095.01.13046	sys_data_range_style
kpis.0095.01.13047	sys_data_range_style
kpis.0095.01.13048	sys_data_range_style
kpis.0095.01.13049	sys_data_range_style
kpis.0095.01.13050	sys_data_range_style
kpis.0095.01.13052	sys_data_range_style
kpis.0095.01.13053	sys_data_range_style
kpis.0095.01.13054	sys_data_range_style
kpis.0095.01.13055	sys_data_range_style
kpis.0095.01.13056	sys_data_range_style
kpis.0095.01.13058	sys_data_range_style
kpis.0095.01.13059	sys_data_range_style
kpis.0095.01.13060	sys_data_range_style
kpis.0095.01.13061	sys_data_range_style
kpis.0095.01.13062	sys_data_range_style
kpis.0095.01.13064	sys_data_range_style
kpis.0095.01.13065	sys_data_range_style
kpis.0095.01.13066	sys_data_range_style
kpis.0095.01.13067	sys_data_range_style
kpis.0095.01.13068	sys_data_range_style
kpis.0095.01.13372	sys_data_range_style
kpis.0095.01.13373	sys_data_range_style
kpis.0095.01.13374	sys_data_range_style
kpis.0095.01.13375	sys_data_range_style
dshd.0095.03.001	sys_pauto_page_name
gtms.0095.03.00003	sys_pauto_page_name
gtms.0095.03.00005	sys_pauto_page_name
gtms.0095.03.00002	sys_pauto_page_name
gtms.0095.03.00004	sys_pauto_page_name
gtms.0095.03.00001	sys_pauto_page_name
dshd.0095.01.006	sys_pauto_page_name
gtms.0095.01.00018	sys_pauto_page_name
gtms.0095.01.00017	sys_pauto_page_name
gtms.0095.01.00019	sys_pauto_page_name
dshd.0095.03.001.gtm.02	sys_pauto_config
seri.gtms.0095.03.00003.01	sys_pauto_config
seri.gtms.0095.03.00003.02	sys_pauto_config
seri.gtms.0095.03.00003.03	sys_pauto_config
seri.gtms.0095.03.00003.04	sys_pauto_config
seri.gtms.0095.03.00003.05	sys_pauto_config
seri.gtms.0095.03.00003.06	sys_pauto_config
seri.gtms.0095.03.00003.07	sys_pauto_config
seri.gtms.0095.03.00003.08	sys_pauto_config
dshd.0095.03.001.gtm.03	sys_pauto_config
seri.gtms.0095.03.00005.01	sys_pauto_config
seri.gtms.0095.03.00005.02	sys_pauto_config
seri.gtms.0095.03.00005.03	sys_pauto_config
seri.gtms.0095.03.00005.04	sys_pauto_config
seri.gtms.0095.03.00005.05	sys_pauto_config
seri.gtms.0095.03.00005.06	sys_pauto_config
seri.gtms.0095.03.00005.07	sys_pauto_config
seri.gtms.0095.03.00005.08	sys_pauto_config
dshd.0095.03.001.gtm.04	sys_pauto_config
seri.gtms.0095.03.00002.01	sys_pauto_config
seri.gtms.0095.03.00002.02	sys_pauto_config
seri.gtms.0095.03.00002.03	sys_pauto_config
seri.gtms.0095.03.00002.04	sys_pauto_config
seri.gtms.0095.03.00002.05	sys_pauto_config
seri.gtms.0095.03.00002.06	sys_pauto_config
seri.gtms.0095.03.00002.07	sys_pauto_config
seri.gtms.0095.03.00002.08	sys_pauto_config
dshd.0095.03.001.gtm.05	sys_pauto_config
seri.gtms.0095.03.00004.01	sys_pauto_config
seri.gtms.0095.03.00004.02	sys_pauto_config
seri.gtms.0095.03.00004.03	sys_pauto_config
seri.gtms.0095.03.00004.04	sys_pauto_config
seri.gtms.0095.03.00004.05	sys_pauto_config
seri.gtms.0095.03.00004.06	sys_pauto_config
seri.gtms.0095.03.00004.07	sys_pauto_config
seri.gtms.0095.03.00004.08	sys_pauto_config
dshd.0095.03.001.gtm.06	sys_pauto_config
seri.gtms.0095.03.00001.01	sys_pauto_config
seri.gtms.0095.03.00001.02	sys_pauto_config
seri.gtms.0095.03.00001.03	sys_pauto_config
seri.gtms.0095.03.00001.04	sys_pauto_config
seri.gtms.0095.03.00001.05	sys_pauto_config
seri.gtms.0095.03.00001.06	sys_pauto_config
seri.gtms.0095.03.00001.07	sys_pauto_config
seri.gtms.0095.03.00001.08	sys_pauto_config
dshd.0095.01.006.gtm.03	sys_pauto_config
seri.gtms.0095.01.00018.01	sys_pauto_config
seri.gtms.0095.01.00018.02	sys_pauto_config
seri.gtms.0095.01.00018.03	sys_pauto_config
dshd.0095.01.006.gtm.04	sys_pauto_config
seri.gtms.0095.01.00017.01	sys_pauto_config
seri.gtms.0095.01.00017.02	sys_pauto_config
seri.gtms.0095.01.00017.03	sys_pauto_config
dshd.0095.01.006.gtm.05	sys_pauto_config
seri.gtms.0095.01.00019.01	sys_pauto_config
seri.gtms.0095.01.00019.02	sys_pauto_config
seri.gtms.0095.01.00019.03	sys_pauto_config
seri.gtms.0095.01.00019.04	sys_pauto_config
dshd.0095.01.003.gtm.02	sys_pauto_config
dshd.0095.01.001.gtm.02	sys_pauto_config
dshd.0095.01.002.gtm.02	sys_pauto_config
seri.gtms.0095.01.00006.04	sys_pauto_config
seri.gtms.0095.01.00006.05	sys_pauto_config
seri.gtms.0095.01.00006.06	sys_pauto_config
seri.gtms.0095.01.00006.08	sys_pauto_config
seri.gtms.0095.01.00006.09	sys_pauto_config
seri.gtms.0095.01.00015.02	sys_pauto_config
seri.gtms.0095.01.00015.03	sys_pauto_config
seri.gtms.0095.01.00016.02	sys_pauto_config
seri.gtms.0095.01.00016.03	sys_pauto_config
dshd.0095.01.005.gtm.02	sys_pauto_config
seri.gtms.0095.02.00001.01	sys_pauto_config
seri.gtms.0095.02.00001.02	sys_pauto_config
seri.gtms.0095.02.00001.03	sys_pauto_config
seri.gtms.0095.02.00001.04	sys_pauto_config
seri.gtms.0095.02.00009.03	sys_pauto_config
seri.gtms.0095.02.00009.04	sys_pauto_config
seri.gtms.0095.02.00009.05	sys_pauto_config
seri.gtms.0095.02.00009.06	sys_pauto_config
seri.gtms.0095.02.00009.07	sys_pauto_config
seri.gtms.0095.02.00009.08	sys_pauto_config
seri.gtms.0095.02.00010.03	sys_pauto_config
seri.gtms.0095.02.00010.04	sys_pauto_config
seri.gtms.0095.02.00010.06	sys_pauto_config
seri.gtms.0095.02.00010.07	sys_pauto_config
seri.gtms.0095.02.00003.kpis.0095.02.18138	sys_pauto_config
seri.gtms.0095.02.00004.kpis.0095.02.18138	sys_pauto_config
seri.gtms.0095.01.00017.01	graph_data
seri.gtms.0095.01.00017.02	graph_data
seri.gtms.0095.01.00017.03	graph_data
seri.gtms.0095.01.00018.01	graph_data
seri.gtms.0095.01.00018.02	graph_data
seri.gtms.0095.01.00018.03	graph_data
seri.gtms.0095.01.00019.01	graph_data
seri.gtms.0095.01.00019.02	graph_data
seri.gtms.0095.01.00019.03	graph_data
seri.gtms.0095.01.00019.04	graph_data
seri.gtms.0095.01.00006.04	graph_data
seri.gtms.0095.01.00006.05	graph_data
seri.gtms.0095.01.00006.06	graph_data
seri.gtms.0095.01.00006.08	graph_data
seri.gtms.0095.01.00006.09	graph_data
seri.gtms.0095.01.00015.02	graph_data
seri.gtms.0095.01.00015.03	graph_data
seri.gtms.0095.01.00016.02	graph_data
seri.gtms.0095.01.00016.03	graph_data
seri.gtms.0095.02.00001.01	graph_data
seri.gtms.0095.02.00001.02	graph_data
seri.gtms.0095.02.00001.03	graph_data
seri.gtms.0095.02.00001.04	graph_data
seri.gtms.0095.02.00009.03	graph_data
seri.gtms.0095.02.00009.04	graph_data
seri.gtms.0095.02.00009.05	graph_data
seri.gtms.0095.02.00009.06	graph_data
seri.gtms.0095.02.00009.07	graph_data
seri.gtms.0095.02.00009.08	graph_data
seri.gtms.0095.02.00010.03	graph_data
seri.gtms.0095.02.00010.04	graph_data
seri.gtms.0095.02.00010.06	graph_data
seri.gtms.0095.02.00010.07	graph_data
seri.gtms.0095.02.00003.kpis.0095.02.18138	graph_data
seri.gtms.0095.02.00004.kpis.0095.02.18138	graph_data
gtms.0095.01.00017	graph_information
gtms.0095.01.00018	graph_information
gtms.0095.01.00019	graph_information
menu.01.0002.01	menu_deroulant_intranet
menu.01.0002.02	menu_deroulant_intranet
menu.01.0002.03	menu_deroulant_intranet
menu.01.0002.04	menu_deroulant_intranet
menu.01.0002.05	menu_deroulant_intranet
menu.01.0002.06	menu_deroulant_intranet
menu.01.0002.07	menu_deroulant_intranet
menu.01.0002.08	menu_deroulant_intranet
menu.01.0002.09	menu_deroulant_intranet
menu.0095.05	menu_deroulant_intranet
menu.0095.07	menu_deroulant_intranet
menu.dshd.0095.01.008	menu_deroulant_intranet
menu.dshd.0095.01.008.01	menu_deroulant_intranet
menu.dshd.0095.01.008.02	menu_deroulant_intranet
dshd.0095.03.001	sys_definition_dashboard
dshd.0095.01.006	sys_definition_dashboard
menu.01.0002.01	profile_menu_position
menu.01.0002.02	profile_menu_position
menu.01.0002.03	profile_menu_position
menu.01.0002.04	profile_menu_position
menu.01.0002.05	profile_menu_position
menu.01.0002.06	profile_menu_position
menu.01.0002.07	profile_menu_position
menu.01.0002.08	profile_menu_position
menu.01.0002.09	profile_menu_position
menu.0095.05	profile_menu_position
menu.0095.07	profile_menu_position
